<?xml version="1.0" encoding="UTF-8"?>
<GenRun Id="synth_1" LaunchPart="xc7a35tcsg324-1" LaunchTime="1731093366">
  <File Type="PA-TCL" Name="lab2_wrapper.tcl"/>
  <File Type="RDS-PROPCONSTRS" Name="lab2_wrapper_drc_synth.rpt"/>
  <File Type="REPORTS-TCL" Name="lab2_wrapper_reports.tcl"/>
  <File Type="RDS-RDS" Name="lab2_wrapper.vds"/>
  <File Type="RDS-UTIL" Name="lab2_wrapper_utilization_synth.rpt"/>
  <File Type="RDS-UTIL-PB" Name="lab2_wrapper_utilization_synth.pb"/>
  <File Type="RDS-DCP" Name="lab2_wrapper.dcp"/>
  <File Type="VDS-TIMINGSUMMARY" Name="lab2_wrapper_timing_summary_synth.rpt"/>
  <File Type="VDS-TIMING-PB" Name="lab2_wrapper_timing_summary_synth.pb"/>
  <FileSet Name="sources" Type="DesignSrcs" RelSrcDir="$PSRCDIR/sources_1">
    <Filter Type="Srcs"/>
    <File Path="$PSRCDIR/sources_1/bd/lab2/lab2.bd">
      <FileInfo>
        <Attr Name="UsedIn" Val="synthesis"/>
        <Attr Name="UsedIn" Val="implementation"/>
        <Attr Name="UsedIn" Val="simulation"/>
      </FileInfo>
    </File>
    <File Path="$PSRCDIR/sources_1/bd/lab2/hdl/lab2_wrapper.v">
      <FileInfo>
        <Attr Name="UsedIn" Val="synthesis"/>
        <Attr Name="UsedIn" Val="implementation"/>
        <Attr Name="UsedIn" Val="simulation"/>
      </FileInfo>
    </File>
    <Config>
      <Option Name="DesignMode" Val="RTL"/>
      <Option Name="TopModule" Val="lab2_wrapper"/>
      <Option Name="TopAutoSet" Val="TRUE"/>
    </Config>
  </FileSet>
  <FileSet Name="constrs_in" Type="Constrs" RelSrcDir="$PSRCDIR/constrs_1">
    <Filter Type="Constrs"/>
    <File Path="$PPRDIR/ego1_Lab2.xdc">
      <FileInfo>
        <Attr Name="UsedIn" Val="synthesis"/>
        <Attr Name="UsedIn" Val="implementation"/>
      </FileInfo>
    </File>
    <Config>
      <Option Name="ConstrsType" Val="XDC"/>
    </Config>
  </FileSet>
  <FileSet Name="utils" Type="Utils" RelSrcDir="$PSRCDIR/utils_1">
    <Filter Type="Utils"/>
    <Config>
      <Option Name="TopAutoSet" Val="TRUE"/>
    </Config>
  </FileSet>
  <Strategy Version="1" Minor="2">
    <StratHandle Name="Vivado Synthesis Defaults" Flow="Vivado Synthesis 2019"/>
    <Step Id="synth_design"/>
  </Strategy>
  <BlockFileSet Type="BlockSrcs" Name="lab2_xup_nor2_0_0"/>
  <BlockFileSet Type="BlockSrcs" Name="lab2_xup_nand4_1_1"/>
  <BlockFileSet Type="BlockSrcs" Name="lab2_xup_nand2_0_4"/>
  <BlockFileSet Type="BlockSrcs" Name="lab2_xup_nand4_0_2"/>
  <BlockFileSet Type="BlockSrcs" Name="lab2_nand_F1_1"/>
  <BlockFileSet Type="BlockSrcs" Name="lab2_xup_nor3_0_0"/>
  <BlockFileSet Type="BlockSrcs" Name="lab2_nor_a_0"/>
  <BlockFileSet Type="BlockSrcs" Name="lab2_xup_nand4_1_2"/>
  <BlockFileSet Type="BlockSrcs" Name="lab2_nand_D_1"/>
  <BlockFileSet Type="BlockSrcs" Name="lab2_nand_D_2"/>
  <BlockFileSet Type="BlockSrcs" Name="lab2_nand_D_3"/>
  <BlockFileSet Type="BlockSrcs" Name="lab2_nor_b1_0"/>
  <BlockFileSet Type="BlockSrcs" Name="lab2_xup_nand5_0_0"/>
  <BlockFileSet Type="BlockSrcs" Name="lab2_xup_nand4_0_1"/>
  <BlockFileSet Type="BlockSrcs" Name="lab2_nor4_a1_0"/>
  <BlockFileSet Type="BlockSrcs" Name="lab2_xup_nor3_0_1"/>
  <BlockFileSet Type="BlockSrcs" Name="lab2_xup_nor4_0_0"/>
  <BlockFileSet Type="BlockSrcs" Name="lab2_xup_nor3_0_2"/>
  <BlockFileSet Type="BlockSrcs" Name="lab2_xup_nor4_0_1"/>
  <BlockFileSet Type="BlockSrcs" Name="lab2_nor_f1_1"/>
  <BlockFileSet Type="BlockSrcs" Name="lab2_nor_f1_2"/>
  <BlockFileSet Type="BlockSrcs" Name="lab2_xup_nor3_0_3"/>
  <BlockFileSet Type="BlockSrcs" Name="lab2_nor_f1_0"/>
</GenRun>
