<?xml version="1.0" encoding="UTF-8"?>
<GenRun Id="impl_1" LaunchPart="xc7a35tcsg324-1" LaunchTime="1731093367">
  <File Type="BITSTR-BMM" Name="lab2_wrapper_bd.bmm"/>
  <File Type="OPT-METHODOLOGY-DRC" Name="lab2_wrapper_methodology_drc_opted.rpt"/>
  <File Type="INIT-TIMING" Name="lab2_wrapper_timing_summary_init.rpt"/>
  <File Type="ROUTE-PWR" Name="lab2_wrapper_power_routed.rpt"/>
  <File Type="PA-TCL" Name="lab2_wrapper.tcl"/>
  <File Type="OPT-TIMING" Name="lab2_wrapper_timing_summary_opted.rpt"/>
  <File Type="OPT-DCP" Name="lab2_wrapper_opt.dcp"/>
  <File Type="ROUTE-PWR-SUM" Name="lab2_wrapper_power_summary_routed.pb"/>
  <File Type="REPORTS-TCL" Name="lab2_wrapper_reports.tcl"/>
  <File Type="OPT-DRC" Name="lab2_wrapper_drc_opted.rpt"/>
  <File Type="OPT-HWDEF" Name="lab2_wrapper.hwdef"/>
  <File Type="PWROPT-DCP" Name="lab2_wrapper_pwropt.dcp"/>
  <File Type="PWROPT-DRC" Name="lab2_wrapper_drc_pwropted.rpt"/>
  <File Type="PWROPT-TIMING" Name="lab2_wrapper_timing_summary_pwropted.rpt"/>
  <File Type="PLACE-DCP" Name="lab2_wrapper_placed.dcp"/>
  <File Type="PLACE-IO" Name="lab2_wrapper_io_placed.rpt"/>
  <File Type="PLACE-CLK" Name="lab2_wrapper_clock_utilization_placed.rpt"/>
  <File Type="PLACE-UTIL" Name="lab2_wrapper_utilization_placed.rpt"/>
  <File Type="PLACE-UTIL-PB" Name="lab2_wrapper_utilization_placed.pb"/>
  <File Type="PLACE-CTRL" Name="lab2_wrapper_control_sets_placed.rpt"/>
  <File Type="PLACE-SIMILARITY" Name="lab2_wrapper_incremental_reuse_placed.rpt"/>
  <File Type="PLACE-PRE-SIMILARITY" Name="lab2_wrapper_incremental_reuse_pre_placed.rpt"/>
  <File Type="BG-BGN" Name="lab2_wrapper.bgn"/>
  <File Type="PLACE-TIMING" Name="lab2_wrapper_timing_summary_placed.rpt"/>
  <File Type="POSTPLACE-PWROPT-DCP" Name="lab2_wrapper_postplace_pwropt.dcp"/>
  <File Type="BG-BIN" Name="lab2_wrapper.bin"/>
  <File Type="POSTPLACE-PWROPT-TIMING" Name="lab2_wrapper_timing_summary_postplace_pwropted.rpt"/>
  <File Type="PHYSOPT-DCP" Name="lab2_wrapper_physopt.dcp"/>
  <File Type="PHYSOPT-DRC" Name="lab2_wrapper_drc_physopted.rpt"/>
  <File Type="BITSTR-MSK" Name="lab2_wrapper.msk"/>
  <File Type="PHYSOPT-TIMING" Name="lab2_wrapper_timing_summary_physopted.rpt"/>
  <File Type="ROUTE-ERROR-DCP" Name="lab2_wrapper_routed_error.dcp"/>
  <File Type="ROUTE-DCP" Name="lab2_wrapper_routed.dcp"/>
  <File Type="ROUTE-BLACKBOX-DCP" Name="lab2_wrapper_routed_bb.dcp"/>
  <File Type="ROUTE-DRC" Name="lab2_wrapper_drc_routed.rpt"/>
  <File Type="ROUTE-DRC-PB" Name="lab2_wrapper_drc_routed.pb"/>
  <File Type="BITSTR-LTX" Name="debug_nets.ltx"/>
  <File Type="BITSTR-LTX" Name="lab2_wrapper.ltx"/>
  <File Type="ROUTE-DRC-RPX" Name="lab2_wrapper_drc_routed.rpx"/>
  <File Type="BITSTR-MMI" Name="lab2_wrapper.mmi"/>
  <File Type="ROUTE-METHODOLOGY-DRC" Name="lab2_wrapper_methodology_drc_routed.rpt"/>
  <File Type="ROUTE-METHODOLOGY-DRC-RPX" Name="lab2_wrapper_methodology_drc_routed.rpx"/>
  <File Type="BITSTR-SYSDEF" Name="lab2_wrapper.sysdef"/>
  <File Type="ROUTE-METHODOLOGY-DRC-PB" Name="lab2_wrapper_methodology_drc_routed.pb"/>
  <File Type="ROUTE-PWR-RPX" Name="lab2_wrapper_power_routed.rpx"/>
  <File Type="ROUTE-STATUS" Name="lab2_wrapper_route_status.rpt"/>
  <File Type="ROUTE-STATUS-PB" Name="lab2_wrapper_route_status.pb"/>
  <File Type="ROUTE-TIMINGSUMMARY" Name="lab2_wrapper_timing_summary_routed.rpt"/>
  <File Type="ROUTE-TIMING-PB" Name="lab2_wrapper_timing_summary_routed.pb"/>
  <File Type="ROUTE-TIMING-RPX" Name="lab2_wrapper_timing_summary_routed.rpx"/>
  <File Type="ROUTE-SIMILARITY" Name="lab2_wrapper_incremental_reuse_routed.rpt"/>
  <File Type="ROUTE-CLK" Name="lab2_wrapper_clock_utilization_routed.rpt"/>
  <File Type="ROUTE-BUS-SKEW" Name="lab2_wrapper_bus_skew_routed.rpt"/>
  <File Type="ROUTE-BUS-SKEW-PB" Name="lab2_wrapper_bus_skew_routed.pb"/>
  <File Type="ROUTE-BUS-SKEW-RPX" Name="lab2_wrapper_bus_skew_routed.rpx"/>
  <File Type="POSTROUTE-PHYSOPT-DCP" Name="lab2_wrapper_postroute_physopt.dcp"/>
  <File Type="POSTROUTE-PHYSOPT-BLACKBOX-DCP" Name="lab2_wrapper_postroute_physopt_bb.dcp"/>
  <File Type="POSTROUTE-PHYSOPT-TIMING" Name="lab2_wrapper_timing_summary_postroute_physopted.rpt"/>
  <File Type="POSTROUTE-PHYSOPT-TIMING-PB" Name="lab2_wrapper_timing_summary_postroute_physopted.pb"/>
  <File Type="POSTROUTE-PHYSOPT-TIMING-RPX" Name="lab2_wrapper_timing_summary_postroute_physopted.rpx"/>
  <File Type="POSTROUTE-PHYSOPT-BUS-SKEW" Name="lab2_wrapper_bus_skew_postroute_physopted.rpt"/>
  <File Type="POSTROUTE-PHYSOPT-BUS-SKEW-PB" Name="lab2_wrapper_bus_skew_postroute_physopted.pb"/>
  <File Type="BG-BIT" Name="lab2_wrapper.bit"/>
  <File Type="POSTROUTE-PHYSOPT-BUS-SKEW-RPX" Name="lab2_wrapper_bus_skew_postroute_physopted.rpx"/>
  <File Type="BITSTR-RBT" Name="lab2_wrapper.rbt"/>
  <File Type="BITSTR-NKY" Name="lab2_wrapper.nky"/>
  <File Type="BG-DRC" Name="lab2_wrapper.drc"/>
  <File Type="RDI-RDI" Name="lab2_wrapper.vdi"/>
  <File Type="WBT-USG" Name="usage_statistics_webtalk.html"/>
  <FileSet Name="sources" Type="DesignSrcs" RelSrcDir="$PSRCDIR/sources_1">
    <Filter Type="Srcs"/>
    <File Path="$PSRCDIR/sources_1/bd/lab2/lab2.bd">
      <FileInfo>
        <Attr Name="UsedIn" Val="synthesis"/>
        <Attr Name="UsedIn" Val="implementation"/>
        <Attr Name="UsedIn" Val="simulation"/>
      </FileInfo>
    </File>
    <File Path="$PSRCDIR/sources_1/bd/lab2/hdl/lab2_wrapper.v">
      <FileInfo>
        <Attr Name="UsedIn" Val="synthesis"/>
        <Attr Name="UsedIn" Val="implementation"/>
        <Attr Name="UsedIn" Val="simulation"/>
      </FileInfo>
    </File>
    <Config>
      <Option Name="DesignMode" Val="RTL"/>
      <Option Name="TopModule" Val="lab2_wrapper"/>
      <Option Name="TopAutoSet" Val="TRUE"/>
    </Config>
  </FileSet>
  <FileSet Name="constrs_in" Type="Constrs" RelSrcDir="$PSRCDIR/constrs_1">
    <Filter Type="Constrs"/>
    <File Path="$PPRDIR/ego1_Lab2.xdc">
      <FileInfo>
        <Attr Name="UsedIn" Val="synthesis"/>
        <Attr Name="UsedIn" Val="implementation"/>
      </FileInfo>
    </File>
    <Config>
      <Option Name="ConstrsType" Val="XDC"/>
    </Config>
  </FileSet>
  <FileSet Name="utils" Type="Utils" RelSrcDir="$PSRCDIR/utils_1">
    <Filter Type="Utils"/>
    <Config>
      <Option Name="TopAutoSet" Val="TRUE"/>
    </Config>
  </FileSet>
  <Strategy Version="1" Minor="2">
    <StratHandle Name="Vivado Implementation Defaults" Flow="Vivado Implementation 2019"/>
    <Step Id="init_design"/>
    <Step Id="opt_design"/>
    <Step Id="power_opt_design"/>
    <Step Id="place_design"/>
    <Step Id="post_place_power_opt_design"/>
    <Step Id="phys_opt_design"/>
    <Step Id="route_design"/>
    <Step Id="post_route_phys_opt_design"/>
    <Step Id="write_bitstream"/>
  </Strategy>
  <BlockFileSet Type="BlockSrcs" Name="lab2_xup_nor2_0_0"/>
  <BlockFileSet Type="BlockSrcs" Name="lab2_xup_nand4_1_1"/>
  <BlockFileSet Type="BlockSrcs" Name="lab2_xup_nand2_0_4"/>
  <BlockFileSet Type="BlockSrcs" Name="lab2_xup_nand4_0_2"/>
  <BlockFileSet Type="BlockSrcs" Name="lab2_nand_F1_1"/>
  <BlockFileSet Type="BlockSrcs" Name="lab2_xup_nor3_0_0"/>
  <BlockFileSet Type="BlockSrcs" Name="lab2_nor_a_0"/>
  <BlockFileSet Type="BlockSrcs" Name="lab2_xup_nand4_1_2"/>
  <BlockFileSet Type="BlockSrcs" Name="lab2_nand_D_1"/>
  <BlockFileSet Type="BlockSrcs" Name="lab2_nand_D_2"/>
  <BlockFileSet Type="BlockSrcs" Name="lab2_nand_D_3"/>
  <BlockFileSet Type="BlockSrcs" Name="lab2_nor_b1_0"/>
  <BlockFileSet Type="BlockSrcs" Name="lab2_xup_nand5_0_0"/>
  <BlockFileSet Type="BlockSrcs" Name="lab2_xup_nand4_0_1"/>
  <BlockFileSet Type="BlockSrcs" Name="lab2_nor4_a1_0"/>
  <BlockFileSet Type="BlockSrcs" Name="lab2_xup_nor3_0_1"/>
  <BlockFileSet Type="BlockSrcs" Name="lab2_xup_nor4_0_0"/>
  <BlockFileSet Type="BlockSrcs" Name="lab2_xup_nor3_0_2"/>
  <BlockFileSet Type="BlockSrcs" Name="lab2_xup_nor4_0_1"/>
  <BlockFileSet Type="BlockSrcs" Name="lab2_nor_f1_1"/>
  <BlockFileSet Type="BlockSrcs" Name="lab2_nor_f1_2"/>
  <BlockFileSet Type="BlockSrcs" Name="lab2_xup_nor3_0_3"/>
  <BlockFileSet Type="BlockSrcs" Name="lab2_nor_f1_0"/>
</GenRun>
