<?xml version="1.0"?>
<Runs Version="1" Minor="0">
	<Run Id="lab2_xup_nand2_0_4_synth_1" LaunchDir="C:/Users/user/OneDrive/lab2/lab2.runs/lab2_xup_nand2_0_4_synth_1" FlowId="Vivado_Synthesis" FromStepId="vivado" ToStepId="vivado"/>
	<Run Id="lab2_xup_nand5_0_0_synth_1" LaunchDir="C:/Users/user/OneDrive/lab2/lab2.runs/lab2_xup_nand5_0_0_synth_1" FlowId="Vivado_Synthesis" FromStepId="vivado" ToStepId="vivado"/>
	<Run Id="lab2_xup_nand4_0_1_synth_1" LaunchDir="C:/Users/user/OneDrive/lab2/lab2.runs/lab2_xup_nand4_0_1_synth_1" FlowId="Vivado_Synthesis" FromStepId="vivado" ToStepId="vivado"/>
	<Run Id="lab2_xup_nand4_0_2_synth_1" LaunchDir="C:/Users/user/OneDrive/lab2/lab2.runs/lab2_xup_nand4_0_2_synth_1" FlowId="Vivado_Synthesis" FromStepId="vivado" ToStepId="vivado" IsOrderedIPRun="true">
		<Parent Id="lab2_xup_nand4_0_1_synth_1"/>
	</Run>
	<Run Id="lab2_xup_nand2_0_3_synth_1" LaunchDir="C:/Users/user/OneDrive/lab2/lab2.runs/lab2_xup_nand2_0_3_synth_1" FlowId="Vivado_Synthesis" FromStepId="vivado" ToStepId="vivado" IsOrderedIPRun="true">
		<Parent Id="lab2_xup_nand2_0_4_synth_1"/>
	</Run>
	<Run Id="lab2_xup_nand4_1_2_synth_1" LaunchDir="C:/Users/user/OneDrive/lab2/lab2.runs/lab2_xup_nand4_1_2_synth_1" FlowId="Vivado_Synthesis" FromStepId="vivado" ToStepId="vivado" IsOrderedIPRun="true">
		<Parent Id="lab2_xup_nand4_0_1_synth_1"/>
	</Run>
	<Run Id="lab2_nand_B1_0_synth_1" LaunchDir="C:/Users/user/OneDrive/lab2/lab2.runs/lab2_nand_B1_0_synth_1" FlowId="Vivado_Synthesis" FromStepId="vivado" ToStepId="vivado" IsOrderedIPRun="true">
		<Parent Id="lab2_xup_nand2_0_4_synth_1"/>
	</Run>
	<Run Id="lab2_xup_nand4_1_1_synth_1" LaunchDir="C:/Users/user/OneDrive/lab2/lab2.runs/lab2_xup_nand4_1_1_synth_1" FlowId="Vivado_Synthesis" FromStepId="vivado" ToStepId="vivado" IsOrderedIPRun="true">
		<Parent Id="lab2_xup_nand4_0_1_synth_1"/>
	</Run>
	<Run Id="lab2_nand_B1_1_synth_1" LaunchDir="C:/Users/user/OneDrive/lab2/lab2.runs/lab2_nand_B1_1_synth_1" FlowId="Vivado_Synthesis" FromStepId="vivado" ToStepId="vivado" IsOrderedIPRun="true">
		<Parent Id="lab2_xup_nand2_0_4_synth_1"/>
	</Run>
	<Run Id="synth_1" LaunchDir="C:/Users/user/OneDrive/lab2/lab2.runs/synth_1" FlowId="Vivado_Synthesis" FromStepId="vivado" ToStepId="vivado">
		<Parent Id="lab2_xup_nand2_0_4_synth_1"/>
		<Parent Id="lab2_xup_nand5_0_0_synth_1"/>
		<Parent Id="lab2_xup_nand4_0_1_synth_1"/>
		<Parent Id="lab2_xup_nand4_0_2_synth_1"/>
		<Parent Id="lab2_xup_nand2_0_3_synth_1"/>
		<Parent Id="lab2_xup_nand4_1_2_synth_1"/>
		<Parent Id="lab2_nand_B1_0_synth_1"/>
		<Parent Id="lab2_xup_nand4_1_1_synth_1"/>
		<Parent Id="lab2_nand_B1_1_synth_1"/>
	</Run>
	<Run Id="impl_1" LaunchDir="C:/Users/user/OneDrive/lab2/lab2.runs/impl_1" FlowId="Vivado_Implementation" FromStepId="init_design" ToStepId="write_bitstream">
		<Parent Id="synth_1"/>
		<Parent Id="lab2_xup_nand2_0_4_synth_1"/>
		<Parent Id="lab2_xup_nand5_0_0_synth_1"/>
		<Parent Id="lab2_xup_nand4_0_1_synth_1"/>
		<Parent Id="lab2_xup_nand4_0_2_synth_1"/>
		<Parent Id="lab2_xup_nand2_0_3_synth_1"/>
		<Parent Id="lab2_xup_nand4_1_2_synth_1"/>
		<Parent Id="lab2_nand_B1_0_synth_1"/>
		<Parent Id="lab2_xup_nand4_1_1_synth_1"/>
		<Parent Id="lab2_nand_B1_1_synth_1"/>
	</Run>
	<Parameters>
		<Parameter Name="runs.monitorLSFJobs" Val="true" Type="bool"/>
	</Parameters>
</Runs>

